Real,Predict
2.391678672,2.316332579058889
1.762465635,1.77151488175758
2.290853439,2.1067323840690673
0.929859134,0.9093308513463423
1.60413099,1.603796277293976
1.72274542,1.719224686208571
2.034078855,1.982103756736972
1.099100586,1.1088520014557806
1.81344933,1.8279520409365773
2.017473923,2.0499656647476607
1.471575379,1.4239388773881745
2.287593453,2.339182076284615
2.24216174,2.2284773611398103
1.379418408,1.3875224910615822
1.577526485,1.6167315090540393
1.808935994,1.8370424058273895
2.188721245,2.1712437647676337
1.532243544,1.5070704010998062
0.981578778,1.0207770764833253
1.758898456,1.6978307460231852
1.114250529,1.096383645871174
1.566409034,1.506685914194053
1.917923675,1.9135552654974493
2.485288876,2.534721042178785
1.954147002,1.9390961697504798
2.055062782,2.0661141073491427
2.461715895,2.462162903342321
2.087444956,2.1004158163505764
1.924733975,1.902789636950576
1.876047313,1.9078428913004317
2.243122836,2.2467130176847787
1.757717453,1.7900800980073008
2.353934008,2.3735936388127366
2.434181355,2.412976065108042
2.205323676,2.1941481887567047
2.151945377,2.136255472537367
1.088488891,1.0581821427994884
1.212724852,1.2180462327969004
2.460029483,2.4562308225295837
1.912917713,1.9650215604716073
1.794081466,1.78002851650859
1.860958443,1.8947978055760233
1.745085134,1.7712951751418595
1.720539943,1.742980473716508
2.258914847,2.2570666959442267
2.291540467,2.2489375480989695
1.987327027,1.98075805322332
1.592842244,1.6137105423219826
2.182886399,2.164899734105127
2.45201956,2.4490354279105535
2.258769663,2.247839014145054
2.006059567,1.9847677003826039
0.819001879,0.8350150591464577
1.246973206,1.2933507054240123
2.042261466,2.0413421764699624
1.729770289,1.7365815158530002
1.552311074,1.5580698194608509
2.380270222,2.3646405903926295
1.535325006,1.527173564534884
2.457564318,2.462190366723993
1.743585838,1.7233716502762157
2.033832261,2.0284893344172588
1.429957767,1.4428061903986322
2.364474268,2.354918569036328
1.861673487,1.8625558466987477
1.974593226,1.9596662097986712
1.956085976,1.9747985090289097
1.15719312,1.1297790650280533
2.17607061,2.17761525924947
1.823722985,1.8354495323163447
1.837066702,1.8423977569379821
1.373351745,1.3896371679490842
1.059655369,1.0133619752485743
2.305320036,2.283761060476861
2.301990814,2.201041486614998
2.444345174,2.3801024497652765
2.169803425,2.1687995277377228
1.460155389,1.4524183586659019
1.804199111,1.8260845340464675
2.054588757,2.0522176585435243
1.601108797,1.5937172319759365
2.174368857,2.1623731069301986
1.930564943,1.975430165494399
0.814875117,0.7953579990344316
2.106282041,2.093083105260842
0.901760583,0.8913698286180953
1.442431198,1.4741418589936968
1.178125477,1.144032537357753
1.786738699,1.7785729594682498
2.143713771,2.115053775586029
1.700444859,1.736142102621559
1.685539031,1.7046141907924464
2.371121595,2.3545340821305745
1.374830518,1.3828537236174796
1.473591687,1.5042142137824692
2.397070955,2.375680852318567
1.907006659,1.9168508660462273
1.964663984,1.936871639336289
1.784097072,1.803784303578871
2.131014342,2.1352942554918117
1.209948258,1.2372156425680954
0.759520179,0.7779737064459863
2.121880654,2.1129665620801994
1.560548143,1.5825671169609665
2.225729167,2.212136674866624
1.103693308,1.064800807278717
2.048974577,2.0398316931039338
1.290500715,1.3107075350684418
1.98670119,2.007013004086857
2.13905632,2.1372990792902815
1.685712985,1.6643804005406182
1.868250144,1.9380800259415805
1.533973341,1.5511490582208856
2.008677408,1.9906723182513264
1.793975864,1.7921947753324599
1.945933871,1.94241923368093
1.944751459,1.9630716634364813
1.416800369,1.4172378227639295
1.63188046,1.633401755469635
1.781501532,1.7176318126975259
1.271878067,1.2478164912625922
2.20541088,2.204666647306185
1.387160597,1.3020016570833832
1.192576093,1.20233720342686
2.262436635,2.249074864569674
0.862965512,0.8237276272231271
1.545972782,1.5951727890162772
1.697950458,1.7014559067143724
0.983604077,0.9857063941080415
1.441616917,1.479387356577601
2.486888792,2.4947893486876938
1.472271917,1.4737848354696155
2.479020901,2.410064951465017
2.287272579,2.284008230474253
1.475271088,1.4827104200703949
1.748897094,1.771542345139252
0.856889664,0.8552006122888957
1.779051085,1.7180986893106394
1.308731049,1.327267927957349
1.355049175,1.3565713093722709
2.273640986,2.2899677746686633
1.277021867,1.2601749933205104
1.503094984,1.5457387807846052
2.173107002,2.2157069087944663
2.469404512,2.465348650364411
1.656597559,1.6541365753702024
1.791681594,1.7446832007542417
2.055324415,2.0506797113581667
1.18769943,1.1812178966205389
2.266880011,2.257972986226437
1.340133114,1.3381708729749262
1.85038502,1.8728271352508357
2.096190267,2.090693794994274
2.304276749,2.2942520556446686
2.109218835,2.0849539574155846
2.08699776,2.0940992486320846
1.418860994,1.4214671769765908
1.689337805,1.6949745591435046
1.592246658,1.567187647733335
2.300871099,2.2949935656368474
2.074886819,2.07284262535506
2.31227394,2.2407260096710395
1.762842652,1.7879928845014708
1.593428011,1.6157702924461408
1.456001757,1.449864268109302
2.218400343,2.139853169846882
1.444263929,1.4447011606704143
1.442103104,1.397903632702702
2.449471863,2.42533456716596
2.198523483,2.2291639448063005
1.400929132,1.3987824596032408
1.486520998,1.4806506699462367
1.340051817,1.3912849682234734
2.092312639,2.0885516542874436
2.285365354,2.284530033850711
1.763496149,1.7622322736327196
1.556572816,1.5832537001898002
1.552228594,1.5600471798776494
1.715650431,1.686625704244871
1.160522202,1.1678981779547224
2.452382936,2.4509303981823347
2.027845645,2.0244522238763025
2.533111292,2.527031307564969
2.513958362,2.5168149457762254
1.573040697,1.5650180440824886
1.992851494,2.018272972628515
2.116634657,2.0729524784440914
1.797181995,1.8050476173851633
1.785893351,1.7963966657257924
1.379590937,1.401034453399104
1.740010983,1.7473471443998736
1.655339772,1.6572399326849323
1.988986297,1.9688938911601874
1.806059552,1.8038117669605431
1.629622552,1.6343080457518457
1.935029699,1.940853823113901
0.99415722,0.9609893899922053
2.158868395,2.167096801137646
1.972666047,1.9991584896206642
1.464125704,1.482737883452067
0.87259342,0.8316645318343354
1.050612441,0.9868873177693172
1.440170792,1.4312441250962369
1.984648958,1.9530750087011146
1.802187996,1.8060637607564063
2.410779843,2.426213394066499
1.239147575,1.2252141640342586
1.388121392,1.3755484759094172
1.745274011,1.7650884605124002
1.823442619,1.8788965329719345
2.340917238,2.344812060336616
1.322993792,1.3435536870295348
1.135390182,1.1056662539960345
1.200313184,1.188962557997699
2.316045194,2.319463399755291
1.569888671,1.518769782872906
2.01727756,2.0248641737260717
2.358572519,2.3681833609388
2.348380786,2.3588732894322675
1.632942351,1.640569686706993
2.265631928,2.27456084205936
1.960790664,1.8598919030531158
2.08791833,2.070645558322541
1.348715374,1.2717919853862503
1.998180728,2.018327899391859
1.940471362,1.9932264088079263
1.74813173,1.7606119367400026
1.737921553,1.758414869707484
1.536939082,1.580452440073464
1.825452537,1.7854662573265427
1.249007532,1.2608066497859998
1.287513061,1.3069450579065505
2.003595008,1.9980874194860776
2.467403316,2.459498959696689
1.991422573,1.9425290867699623
1.239451924,1.2576483661455824
1.583927287,1.6250803639526732
2.086934278,2.0907761847016344
2.507045219,2.5153868521175573
2.011342958,2.011132504772829
1.740490545,1.7639624636144684
1.744615892,1.742925546953164
2.231187221,2.2236438138433314
1.050135139,1.0493389483437257
1.88532651,1.91253912168855
2.398647945,2.382876246937597
1.961331099,1.8975441393666717
1.78246975,1.7527024950728098
2.469749881,2.472351801749393
1.58523995,1.595474885777014
1.43333051,1.4742791754644011
1.851693718,1.8680210513360291
1.314208168,1.3155410823649205
1.912528168,1.9373934427127464
1.508165496,1.5261024944002968
2.365750784,2.337314569394506
1.893660069,1.8453637973443513
1.348659454,1.368023521147978
1.570222552,1.5885266611553766
1.5839782,1.5997591663153632
2.135261572,2.157676876104425
2.130477924,2.142269943495121
1.637739971,1.649660051597805
2.223968681,2.214828082331585
1.914893512,1.9682622346946976
1.734323683,1.7443811039935044
2.25290237,2.2516014917446014
1.5727474,1.5662813574511243
0.973868944,0.9871070243850377
2.131481841,2.105112047176351
2.272336745,2.2684090546309017
1.41829862,1.4055109776091574
2.063023398,2.0548816021891563
1.478958793,1.4964695524053093
1.822306812,1.8176807528221461
1.376971371,1.4270147708835756
1.598688552,1.599951409987068
0.963927784,0.9924074487322863
1.825511375,1.8559646456011916
1.395768742,1.438824006183364
2.171172473,2.17497877898551
2.185482297,2.1852226037182687
2.47181664,2.4302505046074554
1.411583603,1.4260810176573488
1.494667209,1.4923225883376643
2.067207722,2.0723757483042897
0.932599211,0.9214147200251955
2.323947479,2.326164453941879
1.436692185,1.4353910891638815
1.100909614,1.0393422931707026
1.640439329,1.6276344545092734
1.8394151,1.8506367583099275
1.665127317,1.6694061915088019
2.025296944,1.9738647553650266
2.53901365,2.5645187635884925
1.441777042,1.4096579412391461
2.063427114,2.0685583443790536
1.108786557,1.0940492623679512
1.932185811,1.9428586469123712
2.208894726,2.1898364448366836
2.003801417,1.9802637132285346
1.928301156,1.940606653116508
2.140593456,2.1402376563149783
2.193817429,2.194834771985539
1.871424673,1.8838399337951015
2.386438867,2.4055884272549637
2.385607167,2.3929278284363082
2.468613609,2.4599383729281303
2.244635702,2.2231494734108894
2.089884885,2.043841340263218
1.992082821,1.992182801617355
2.142776072,2.1462521272727333
1.409847112,1.413722515599431
2.004601418,2.0357671191813056
1.714341894,1.7327366485460924
2.070095797,2.007177784376889
1.427899095,1.4292118379160943
1.88549281,1.9146537990137085
2.039216716,2.031318058352924
1.969616904,1.807519317796747
1.73529236,1.73194021179057
2.488540108,2.486083470702635
1.885058855,1.903805780321819
1.509501475,1.5285741948118805
2.453101112,2.48822561097181
1.60744925,1.6703124813533563
2.493555367,2.491081798289147
1.482390951,1.5026488036530965
0.935707537,0.964092747306935
2.41945211,2.4372261926107646
1.707133135,1.704257167268365
1.900035474,1.9159445757640166
2.064801599,2.061253096670992
1.683557044,1.6813252798976221
2.494704705,2.5240378037769284
2.012803859,1.9887224212162005
1.623647865,1.6176927260995946
1.744733102,1.7519060583172874
1.17696745,1.155896698983229
1.978558367,1.9792475694196348
2.089248878,2.027692897661736
2.372620581,2.3883139877555504
1.548420587,1.2814865433608797
1.497363768,1.3960361258125924
1.25531822,1.2435871370499312
1.920770196,1.920009149686645
1.86400629,1.8774409759315938
1.427323233,1.4358030390136505
1.194758199,1.1648497474033368
2.007847104,2.039035256348411
1.901825034,1.9105892246534237
1.631482729,1.637329012921559
1.64120814,1.6188736497608702
2.082099128,2.089924821620424
1.161992398,1.1204140667581763
1.533019995,1.564194143945294
1.628736566,1.633813705319404
1.883051774,1.8526415816707416
2.164562224,2.158912726091388
2.184974815,2.1667123142318925
2.208337164,2.3111145448566566
1.679605141,1.6852250739678742
2.378181007,2.3950699687054833
1.361024632,1.3943059353931868
1.357639163,1.385462740937424
1.077726434,1.0746876089250512
1.244863103,1.2235389003781973
1.882827273,1.9065521141124675
1.26534093,1.271846911711938
1.484234149,1.484275830637424
0.786612156,0.7953305356527595
1.789703274,1.7867295706951785
1.231935796,1.2355403789120343
1.149225158,1.1019312402158152
1.881890091,1.8869432911098314
2.302001693,2.305237390807263
1.850434309,1.8272379943260715
2.288039407,2.2762361057154212
2.185055092,2.218151146262035
1.867232662,1.911001174940849
2.344092472,2.3473386875115443
2.445586798,2.444339197084779
1.99646937,2.0061341776239745
1.405716092,1.3984254360791595
2.017590281,2.0454342137742625
2.054650682,2.0432646101234164
1.244212652,1.2332334587904832
1.519905215,1.5381863626414936
1.038691317,1.046400370881372
1.644580731,1.5902293881931102
1.897457449,1.8764248325603508
1.986731155,1.9968241056797853
1.787030061,1.8029878668233486
1.585672889,1.5923715284622846
2.260051813,2.253908411866152
2.179811917,2.1758301425043767
1.996028945,1.987157011086828
1.953697239,1.952910228411082
2.041228323,2.0553759421839413
2.055772371,2.085365907265354
2.190495093,2.178631402620712
1.501135936,1.5409876231954862
2.044439929,2.05424994528601
1.44686905,1.422593173436866
1.741520125,1.6787162630153345
1.949927725,1.9893815415010188
2.205353189,2.20735805433349
2.025935551,2.0418639802840763
1.365537896,1.3233406705054247
2.386219061,2.3856775074915904
1.911529143,1.9003453999206643
1.958904243,1.9986366862442069
2.097200689,2.1014594235411472
1.979138275,1.9807031264599757
2.397488188,2.3958114791353173
1.980711869,1.9986366862442069
1.333289908,1.3520947851622171
1.858050094,1.802301283594515
1.86402133,1.8705476780733008
1.377856051,1.3870830778301408
2.116379013,2.127549594114651
1.858971271,1.8727722084874914
1.944101454,1.9589246998064929
2.290888794,2.2691505646230796
1.733787616,1.7137045552456018
1.68673899,1.7047789706448224
1.916317714,1.9032565135636892
2.1535478,2.0982187493180575
2.307798559,2.3052648537512788
2.062090405,2.0655099138276682
2.284888268,2.237732505882999
2.088558653,2.078362756318029
1.750870801,1.7420741834342972
2.416676486,2.4177546860788333
0.797218565,0.797088189453837
1.786150336,1.7472098274915129
2.085987244,2.11596006586824
1.889480847,1.8907057682717228
2.415661051,2.4180018560762253
1.954570313,1.981115076747401
1.42564906,1.421577030065623
1.735918432,1.7422938900500178
2.57070879,2.575723805804463
2.193221683,2.165146904102519
1.815346211,1.8133140821387808
2.124514548,2.156935366112246
2.333619373,2.283788523858533
1.808508046,1.7893935147784672
2.245061686,2.2574237194683073
2.162770119,2.2170800756897906
2.211056779,2.1842613871103698
1.829532691,1.8287484776920997
1.579888508,1.6058285640364618
1.599046924,1.5963537126775529
2.176438875,2.1874196707507876
2.272933625,2.275549522486587
1.957951555,1.9279735176795254
1.424862545,1.4606298966561753
1.683487365,1.7068661841506527
1.462294057,1.4987764729645165
1.376435167,1.3701381980354805
2.195359848,2.190880051589599
0.990422373,0.975407642611938
1.569056703,1.5652377506982091
2.551117288,2.557433222496151
2.028728692,2.046505284346506
1.572606474,1.5632054635180666
1.505426113,1.514897452184326
1.910706848,1.9081999143868564
2.097646559,2.1184592296614957
1.822026623,1.8200425997070413
1.453973522,1.4123218853224346
2.082087381,2.0294780148444858
2.146612576,2.132877481843572
1.240025229,1.263992397245746
2.420703048,2.3704353547346635
1.959795715,1.9922651917623713
2.461681918,2.452825368454117
0.842852373,0.8401781665853455
1.797125169,1.801120359933239
1.16710352,1.164245553881863
1.554614117,1.5848740375201738
1.810074056,1.8232008837851152
1.967819159,1.9606823531699142
2.146851427,2.167316507753366
2.127861056,2.1532003518943705
1.578142711,1.564194143945294
1.881217787,1.8853504171611302
1.497059323,1.508937907989916
2.0563512,2.0137964488561177
1.267705287,1.3308106985035197
2.266330961,2.2501184713225886
2.237919728,2.2313610118388194
2.092115763,2.098877869602876
2.217017729,2.2079622478549634
1.756397835,1.7555586823901468
1.712141289,1.6883833580459484
2.412285872,2.3448669870999606
1.628786673,1.6436455806400505
1.926077972,1.8735137184796697
1.944057732,1.9822136102636605
1.053477401,1.04629051779234
1.443263923,1.4845779273981612
2.064190501,2.0557329657080228
0.953168152,0.9485759611709431
1.40881944,1.4460743275657384
1.826307632,1.852339485347661
2.284681827,2.24715243091622
1.941147615,1.944396593660072
1.623148385,1.5548016822937452
1.540625601,1.5228068934138623
1.749100077,1.7460289042678936
1.647136252,1.6589975864860098
1.666967635,1.6758875390796697
2.388133814,2.384112096924561
1.908734787,1.9494498480099274
2.011641018,2.0494713247528757
1.612945058,1.6376860360079841
2.097347173,2.111840565182267
1.378066412,1.3945805687722517
1.979541891,1.971365591571771
2.564842492,2.578634919447488
2.185468482,2.194065798611688
2.18388321,2.179894716427005
2.457294659,2.3983655692542607
2.125277658,2.158445849478275
1.915135348,1.9238265536118806
2.387155722,2.3856775074915904
2.510973417,2.516210752254752
2.078934933,2.0799007030657286
2.009203487,1.9939953821817766
1.916387191,1.9065795774941394
2.138903354,2.122413950057436
2.542907136,2.5510617280143153
2.314303082,2.342614993304098
1.83255755,1.8418484901798524
1.946929401,1.8915845951722616
2.008626934,2.0324440552508554
0.939221485,0.8995539032266964
2.377382605,2.3371223257228007
2.161090339,2.1517173319100147
2.176165166,2.1712986915309784
2.321846605,2.3196007162259944
1.929767307,2.0082763178931486
2.26661186,2.2631635570469975
1.779061397,1.7827748502992387
1.774657821,1.7553389757744262
2.445239778,2.381365763133913
1.581510517,1.5749323091104952
2.316824786,2.3036719802402335
1.492769914,1.4769156561660175
2.362558043,2.3516229684875496
1.589144947,1.6042631539070893
2.155478274,2.1648448073417823
1.594973373,1.6473805944202702
1.850053539,1.8651923274003643
1.805210114,1.7528123485994984
0.89614391,0.908561877972492
2.274806257,2.268546371101606
1.727119779,1.709749834849662
2.224593066,2.2195517765390314
1.502137918,1.5010010033787073
1.225374971,1.20101896329488
2.328447012,2.3154537521583496
2.430531451,2.4714180480855097
2.210957651,2.215734372176139
1.274262324,1.3028255567829212
1.952200823,1.9604077197908492
1.988617182,2.09915250298194
1.556696108,1.5431572268463332
0.853254769,0.8723102719359325
2.088153664,2.111593395184875
1.551945301,1.5572459193236563
2.090867277,2.104837413797285
1.568504043,1.564001900273589
1.260777985,1.2102741080380683
1.684641094,1.7093104211805643
1.6300796,1.6732235954340375
1.878103559,1.8360811892194908
2.081460652,2.102008689861621
1.361248417,1.3636293870829406
1.255522897,1.2595158730356921
1.866886999,1.8570631791174512
2.060805308,2.0539203855812573
1.621843587,1.664352937158946
2.167271603,2.182778366688358
2.300714114,2.298536336183018
1.845761664,1.7906293647654308
1.400512033,1.4829850534494597
1.684326972,1.6801718196180186
1.587579286,1.5674073543490556
1.344380762,1.3489639644658151
1.47511254,1.5142383323371642
1.580622098,1.5714170015083397
1.663360474,1.6632544036426868
1.353101436,1.380052463063487
1.688437332,1.6950844122325364
1.964800098,1.9603253296458327
2.48389197,2.489873411246199
1.629493869,1.6245860239578878
1.898375476,1.945742297173724
1.169366716,1.2611911366917534
2.137955832,2.1403749732233397
1.967552669,1.959034552895525
1.802430741,1.7590739895546454
2.313406333,2.2790373662694137
1.442875183,1.4517317749994116
2.337803928,2.3366554491096867
1.380492087,1.385160644176687
2.00873383,1.9826804868767736
1.547495133,1.5530440284926672
1.619563229,1.634774922364959
2.318830836,2.3087801613534333
2.240233893,2.239215526305011
1.612407932,1.6560040822603124
1.204627782,1.208791088053712
2.495444895,2.5098392577729163
1.890960401,1.823502980545852
1.609280469,1.6066799275553287
2.457519617,2.460981979681046
2.399361957,2.376642068926466
1.175008144,1.1166241257769562
1.432332489,1.432342658612496
1.623371211,1.6093987979643047
1.064767233,1.1053092309096098
1.921214562,1.9100124949512782
2.265329917,2.266926034208889
1.343790099,1.3561044327591576
2.278005336,2.2737918686855103
1.706141188,1.7051085307872318
2.146360053,2.1483942679795645
1.292341914,1.2209024201142376
2.491689275,2.4982497295265045
1.576365247,1.61423234569844
1.568151597,1.5026762670347686
2.259764619,2.2773895659950254
2.331869143,2.3309705382943413
1.305930837,1.2655303439934464
1.981662448,1.997043812733162
2.209017938,2.2192222163966218
1.665815793,1.666440151102433
1.425434823,1.424158584003895
1.582304251,1.633072195327226
1.521897897,1.5184402227304967
1.537333008,1.560019716495977
1.037874136,1.0381339061277548
1.215115357,1.157132549407849
1.939642226,1.947994290969587
1.999561274,2.009924118167538
1.584029767,1.555872752428332
2.263525055,2.262586826907195
1.161251026,1.169051638234326
1.465816596,1.4724116685742914
2.272366418,2.277966296134827
0.834694993,0.7531468488034617
1.951500005,1.9835043870139681
1.584960817,1.6281837212674029
2.163321007,2.1327401653728675
2.172331052,2.195493892270357
2.050395548,1.8813682333835182
2.315271206,2.2920549881744936
2.09113564,2.060786220057879
1.948482116,1.9802087864651903
1.064820832,1.0671626546012685
2.356999969,2.419045462829141
2.441921023,2.406247547539781
1.838692303,1.8303962779664888
1.925638753,1.899933449633239
2.04585199,2.0840751305150462
1.154619254,1.1586979595372218
1.377730098,1.3660461607311798
2.275219354,2.270056854905291
2.068069894,2.0741059387236955
1.835238387,1.8520923149126116
2.038607687,2.0278027511884247
1.737883427,1.7425410600474107
1.557060755,1.5916300184701064
1.77033184,1.7385863396514707
1.461548435,1.4603552632771104
1.095525655,1.1073140542704236
2.509283583,2.506763364277515
1.72964212,1.762781540390849
2.079290421,2.0816034301034625
1.981674052,1.9841085805354421
2.152732381,2.148751291065989
1.209181529,1.2510846284296984
2.286086424,2.277005079089272
1.039525914,1.0981138362905793
1.369704367,1.4046596140902912
1.807493499,1.7741238986398677
2.432094738,2.423137500133441
1.86203165,1.8383881093410415
1.723306279,1.7366089792346724
1.428295988,1.4613714066483534
1.794287347,1.7760463322933215
1.98469849,1.9733154886068969
0.951171625,0.972166968826504
1.935756538,1.957414216002808
1.812066003,1.8146048588890886
2.142860282,2.1316965581822966
1.660951769,1.7044219471207414
1.559809802,1.5744654320597253
2.253317042,2.23026247832256
0.975526255,0.9554143327035486
1.02337389,1.02871398153219
1.697587014,1.7121391451162293
2.21053694,2.2323222284467183
2.130031351,2.082921670235442
2.38493437,2.4055884272549637
1.176723564,1.1689417847076373
2.095354876,2.08731580430048
1.726675463,1.730924068419327
1.043838835,1.0492565581987092
1.963557742,1.9428586469123712
2.195104154,2.1889026911728005
2.018754024,2.034256635377621
1.510195469,1.4952611658000177
2.340250341,2.3405003164165947
2.314878616,2.319985203131748
1.385207527,1.379777829684422
1.565078165,1.5653201408432253
1.666176823,1.6642705470139298
1.378146402,1.4012266966331524
2.162720013,2.136749812532152
2.510782306,2.5156065591709345
1.636497989,1.6833575670777647
1.609749176,1.5117666319255805
1.97467063,1.9925947519047804
1.466398993,1.4719722553428503
2.137607097,2.1728091753346632
2.144169937,2.1427642834899068
1.63491625,1.635791065736202
1.361509392,1.34715138433905
2.318305553,2.303781833766922
1.440355145,1.4578560994838545
1.351134062,1.3421530567525384
1.335162846,1.3656342108814108
1.770698226,1.7622322736327196
2.020674338,2.0490868378471223
1.549225264,1.5605415198724346
2.05260201,2.0820977700982475
1.711764609,1.6404049064169601
1.628852825,1.619862329750441
2.011091165,2.046724990962227
1.986887342,2.0073151008475936
2.185009347,2.146059884038684
1.736838071,1.7375976592242433
1.455826307,1.456318152736154
2.365235657,2.3555502255018173
2.160323768,2.1685798211220018
2.20434611,2.1987620294374626
1.898425846,1.8944407820519422
1.716237656,1.702636830375648
1.584960741,1.5907786549512397
1.780902941,1.7960121792576955
2.027415033,2.041973833373109
1.419545401,1.4304476883407145
2.147779659,2.149025924445054
1.089089713,1.099349686277543
2.153998668,2.1556171255426095
1.681520001,1.6918712018287747
1.047696153,1.046345444118028
1.712094768,1.7151326489042704
1.360325253,1.348524551234374
1.093397367,1.1047874275331522
1.814139989,1.7586071129415324
1.365025912,1.3451190971589073
2.412286555,2.468479471060813
1.818996326,1.8129295952330273
2.125527761,2.130158611434595
1.299841162,1.3141679154695962
1.525393333,1.541097476722175
0.667909413,0.6686696215781779
1.326467815,1.3712916583150843
1.506387237,1.5862197410338257
1.972780747,1.9787532294248498
1.918855923,1.8538499687136891
2.097691254,2.1102476916712227
2.202339642,2.2520409049760426
1.573514012,1.5847916473751575
1.835613587,1.7175494225525096
1.873498869,1.9066070408758116
1.89837894,1.9137749721131698
2.492382673,2.4835568435277073
2.057172707,2.062406556950595
1.807154819,1.7988134398116882
1.407576351,1.4298984215825845
1.920587635,1.9131433152100237
2.065753114,2.0683386377633335
2.139665056,2.206149667290542
2.003836608,2.0543048720493537
1.311234134,1.3201823864273508
1.240025571,1.2849743875813628
2.019927469,2.0251662704868085
2.244570231,2.2358649989928887
1.776743953,1.676354415692783
2.025517322,2.047027087722964
2.433913522,2.4459320705958234
1.767790227,1.7877731778857502
1.424871101,1.4278935977841143
1.871525826,1.8546738688508837
1.782266651,1.8149069556498256
1.753045744,1.7674777712166239
1.128697187,1.166909497527495
2.002747861,2.023161447125995
1.086282209,1.1067098611866062
1.475870063,1.4821062269865775
2.397746945,2.3807890329941106
1.737487396,1.7396299464043858
1.226460755,1.281239373363487
1.974290423,2.054744285718452
1.484585633,1.5056148440594654
2.061166149,2.089238237953934
1.028008105,1.029675198140089
2.194750125,2.2006844630909166
1.558221389,1.5979465861885978
1.33936105,1.3672545477741278
1.991112315,1.9981972725751092
2.05402365,2.039035256348411
1.751718761,1.7422389632866735
1.32674177,1.3346006390470835
1.850925932,1.8892502112313823
1.454330816,1.4392359564707895
1.500699539,1.5179733461173837
2.371396198,2.337753982625947
1.090736363,1.0506022617123614
1.274451877,1.2933232420423402
2.315210259,2.3062809975601777
1.920658032,1.8918592285513265
1.859084817,1.89696740922687
1.856397102,1.878704289737886
1.22060629,1.241033046493331
2.145225273,2.1447691072883766
1.521609356,1.4945745821335275
2.122207302,2.117635329524301
1.464329772,1.4039730304238005
1.894658287,1.935855495965046
2.166002649,2.1650370505758314
2.175969834,2.174045025321627
2.501854485,2.5064887308984503
1.897992098,1.908913961435019
2.116545178,2.1122250516503644
1.149777525,1.0946259925077528
1.90390088,1.9007848131521057
2.306189407,2.3236652901486234
1.564837906,1.5159959857005856
1.447201571,1.4501114381066946
1.535371679,1.5387081664556077
1.421857449,1.433880605360197
1.671936594,1.6711363814905509
1.618172162,1.5359069059016148
2.030037966,2.0070679308502006
2.068269138,2.0936049086372988
1.543605662,1.4737299087062714
1.392202134,1.4018858169179707
1.564146525,1.6144520523141606
1.761679782,1.7004122999614573
1.821347944,1.7524003987497294
1.505171955,1.5259926408736084
2.415531881,2.424345887176389
1.792204778,1.8096889214475935
2.272464925,2.287166514114671
1.582680289,1.6009126265949667
1.138456368,1.1019587035974874
1.707869103,1.6903057916994022
1.365514102,1.3435262236478624
1.324790647,1.3122454818161424
2.183464523,2.115987529249912
2.227811532,2.3036170534768896
1.976113642,2.0121761119634005
1.545083569,1.5320071118313627
1.605465727,1.6246409507212323
1.376325119,1.3807665101116493
1.736826644,1.7370483924661138
2.205556321,2.220375676676226
2.311758989,2.3009531098312577
1.172858821,1.1174754892958227
1.7009326,1.7258433506877995
1.434972547,1.356845942751336
2.174499708,2.2112853117854137
2.235187421,2.2283949709947937
2.514110159,2.5014080131669223
2.056291974,2.062434020332267
1.819653482,1.8110346249612455
2.020044604,2.0445279239297083
2.081550356,2.071139898317326
2.235213041,2.2300702346508547
2.499922188,2.4700448811901854
1.191620563,1.1986296530283127
1.62901516,1.6397732499514706
1.94732499,1.901773493579333
2.03778962,2.071606774930439
2.125249095,2.1308451946634293
2.513893273,2.516155825491407
2.31250255,2.364750443919317
1.852690137,1.7902723416790056
2.040268235,2.037579699308071
2.227523641,2.240890789961073
1.307890703,1.335122442423541
2.433072915,2.43826979936368
1.316255143,1.312465188431863
2.16829471,2.1687995277377228
1.543408036,1.5532362721643722
1.390282158,1.4205059599310357
1.237734762,1.2017879366687303
1.767521342,1.759183843081334
2.358498785,2.365299710677448
1.792349876,1.8019167966887615
2.259232622,2.2506128113173745
2.226276437,2.189973761307388
2.487016643,2.473258092031604
1.928891733,1.9121271718387807
1.043156869,1.0900670781526824
2.386812834,2.4218467233831333
1.004603837,1.0044638540294673
1.610873184,1.6730862785256768
1.354008439,1.3813707031954672
1.849874798,1.8771663425525291
2.063214406,2.0598799297756676
2.534888377,2.5387856161014133
1.930765289,1.909985031569606
1.476994783,1.4858412407667965
1.206859605,1.2340573589276778
1.054654962,1.0516458684652763
1.509773817,1.548677357809302
2.036074482,2.024314906967942
2.406510433,2.407153837384336
1.162114359,1.168557297801884
2.278717618,2.2898579215796317
0.980989913,0.9941376391516916
1.979262219,1.9979501025777167
1.353015393,1.3364132191738487
1.518886332,1.5277228312930138
1.582285199,1.5842423806170276
2.150611342,2.1586930194756677
1.905601535,1.897324432750951
1.721770779,1.7402341399258596
2.007516979,2.0003394132819405
2.044777039,2.135211865784451
1.792666164,1.8127098886173068
2.341662013,2.3381659329133724
2.13604904,2.1392215129437355
2.258927996,2.183684656970568
1.920539718,1.905783140738617
1.997927752,1.9994331229997295
2.197110798,2.1848381172501723
1.748841491,1.7538010285890693
1.761757972,1.7724486349838064
2.066972434,2.0171744391122557
1.000645125,1.0261049642122457
1.684200963,1.7266123240616496
2.007215577,2.029175918083749
1.962691891,1.906744357346516
1.414694677,1.432644755373233
1.778197803,1.794309452219962
1.993629878,1.9951488424613804
1.862782274,1.8597271232007395
1.743837155,1.690690278167499
1.581297915,1.581770680205444
1.486893922,1.5295903381831235
1.019913038,1.019623616641378
2.404603729,2.440521793159543
1.478185863,1.4554942525989596
1.969572889,1.9812798565997773
2.425860354,2.4301955782817677
1.529351125,1.4961674560822287
1.947986361,1.9567550957179898
1.837082663,1.8406401031369046
2.05247086,2.056886425987626
1.474293249,1.4022428400043951
2.191069152,2.1652567571915515
1.153289335,1.1637786772687497
0.777735416,0.7878055813289766
2.106833527,2.17552804574364
1.531746466,1.5394496764477859
1.925022304,1.9493674578649112
1.112592798,1.152546172108763
2.373807365,2.365766587290561
2.52371806,2.5119813984797474
1.110386265,1.104457867390743
1.350418073,1.3302065049820457
1.841988544,1.8590130761525772
1.23636615,1.2000852100686534
1.817408436,1.8161153426927734
2.303090175,2.2959547822447455
2.178640669,2.184453630344419
1.468387865,1.479387356577601
1.670650937,1.6514177049612264
1.926650369,1.9480492177329312
1.610265941,1.6167315090540393
2.21674283,2.27579669248398
1.981106533,1.9396728998902817
1.395913099,1.4149583655863947
2.147786291,2.1322732883220983
1.687361926,1.6961280189854515
0.902617907,0.9184486796188265
2.210580852,2.235507975468808
2.134745177,2.134497818736289
2.288061152,2.28043799654641
2.156598366,2.1541066421765818
2.061781033,2.049883274602644
0.939033185,0.9544256522763213
1.378866518,1.3648103107442164
1.35729034,1.3703029783255132
2.022808045,2.0536182888205206
2.090121949,2.1129665620801994
1.725617181,1.7427058403374434
1.984845916,1.9942150887974972
1.43537996,1.4283055480715399
1.475000892,1.4630192069227426
2.078752414,2.098658162987155
1.791638359,1.7941995986932737
1.475209374,1.4773001426341144
1.834265446,1.8838124704134296
1.326171367,1.313124308716681
1.952764249,1.9322028718921866
1.374887178,1.3769216428047417
1.406655443,1.3831283569965447
1.984249613,2.0227769602202414
2.02574875,2.0335975155304586
1.602130753,1.6174730194838738
1.151701889,1.1580937664534043
1.835165895,1.831357495012044
1.663597106,1.6900036949386652
2.36749298,2.352968672001202
2.171879773,2.152074354996439
1.217922827,1.1890449481427154
2.171621113,2.169733281401606
1.953099075,1.9598584530327197
1.424814236,1.404796930560995
1.721385472,1.6715208683963043
0.870086482,0.8019766635136599
1.141834958,1.1454057042530772
1.427420437,1.4572244425807086
2.332091936,2.3350076488352984
1.678213204,1.681490060187655
1.868053107,1.8600292199614765
2.057097692,2.0307413282131215
1.906930031,1.8564040592702893
1.571302875,1.5552685589068582
2.125365831,2.1148615323519806
2.197392857,2.043154757034384
2.014756244,1.9829825836375108
1.509543835,1.5541974887722712
1.33170297,1.3385828228246952
1.453933654,1.4323975853758404
2.115628707,2.13230075170377
2.400291959,2.400919659810861
1.662563217,1.626288750995621
2.046462991,2.073501745202221
1.852778642,1.8307807648722423
2.112900231,2.106567604216691
1.889203148,1.8942485388178938
1.608525912,1.622800906775138
1.514695982,1.5188247096362502
1.755345675,1.7461387573569258
2.019671544,2.011571918441927
1.972931903,1.9735077318409455
1.064441286,1.049641044666806
1.883145554,1.866428177387328
2.199312301,2.2371008494175086
1.941745091,1.8016146999280245
1.64763175,1.666852100952202
2.268065993,2.2626142902888677
0.742803633,0.7481485212169503
1.104514023,1.1070394208913588
1.880499049,1.9064422610234353
1.950335967,1.9929243120471896
2.218747764,2.2248796638302952
1.758069747,1.755641072535163
0.873402697,0.884778627520539
1.832798553,1.8897445512261675
2.322836254,2.3123778586629484
1.557922142,1.5230540638489114
1.693088231,1.6924753953502487
2.273853982,2.261323513100903
2.159435399,2.1488886079743494
1.326690242,1.3609105166739641
1.731975984,1.744545883845881
2.349105124,2.3856775074915904
1.39505309,1.401446403248873
2.17780963,2.184920507395188
1.813819533,1.8926831286885208
1.950836789,1.9860310141888962
2.148349581,2.186156357382152
1.388701176,1.395706565670183
1.303110531,1.3165297627921477
1.906747363,1.9807305898416476
1.367435358,1.2546273989758692
1.834116471,1.8502797347858462
1.059715705,1.0911106849055976
2.407071755,2.41418445215099
2.205607948,2.2067813241936873
1.21353121,1.2105487418547898
2.197629388,2.1655039271889445
1.330336111,1.3734063356402428
2.442326581,2.4498044012844034
1.655284984,1.6644353273039625
1.75017307,1.7321049916429465
1.456950863,1.4974307694508646
1.450493658,1.42915691115275
2.470744982,2.469358297961352
1.713313275,1.7472922176365293
1.070869239,1.0723806888035003
2.404619404,2.4111634849812766
2.170027099,2.192417998337299
1.975063548,1.9562058289598603
1.589840788,1.5575205527027212
1.923515243,1.937613149328467
1.714364314,1.7053007740212802
1.900001773,1.9086393280559542
1.997321336,2.030631474686433
1.7431748,1.736087175858215
1.813856879,1.7789299829923308
2.027568799,2.016185759122685
1.878783504,1.884663833932296
1.722307727,1.7420741834342972
2.33180349,2.3436860634386845
2.123117141,2.1394412195594565
1.811891029,1.852476801818365
2.439446818,2.4404119396328543
1.207827204,1.25034311843752
1.57282564,1.58295160386672
2.230234334,2.231196231548786
1.745848234,1.7578930663310262
2.380079989,2.3733739317593603
1.957851018,1.948598484491061
2.216955372,2.200821779999277
1.350336802,1.3439656373169602
2.078441209,2.089210774572262
2.045235424,2.0435392435024813
2.071405368,1.9988289294782555
2.281349344,2.2954604422499605
2.013304503,1.9966318624457366
2.046432933,2.008660804361246
0.970663472,0.9975156294078298
1.547362717,1.6180497496236756
1.604820466,1.6154681956854036
1.163251144,1.1865457843494596
1.731908606,1.7541305887314782
2.11008622,2.104864877178958
2.188727568,2.1809383231799195
2.380021562,2.3865288705728007
1.780821423,1.7775842794786785
1.023112817,1.0307737316563481
1.513881633,1.4441518939122844
1.554242826,1.6388120329059155
1.761478662,1.7650884605124002
1.919164724,1.903201586800345
2.24544604,2.206561617577967
1.715854681,1.7097223714679899
1.855150272,1.8438807769223384
2.531978186,2.5366434758322383
1.709886863,1.7264475442092733
1.968231438,1.953212325171819
1.343450284,1.3449817806882032
2.363518432,2.3624709867417826
1.829707015,1.814247835365007
1.422437939,1.4272619408809681
2.281141747,2.274396062206984
2.171398791,2.1020636166249647
0.691400353,0.6683400614357689
2.200218362,2.153832008797517
1.775550564,1.7797264197478533
1.67951299,1.6627875270295733
1.474204763,1.4896311813103604
2.083713781,2.1157952855782076
1.781271497,1.7940897456042415
2.368612016,2.3113342514723776
1.645256988,1.644716650774638
1.644369802,1.6538344786094656
1.969861488,1.9637307837212994
1.433137404,1.301040440037828
1.867364769,1.9070464541072527
2.117137333,2.116701575860418
1.657324965,1.6691040947480649
1.701221563,1.724058233942706
2.06534515,2.0806696764395793
1.443974894,1.4323975853758404
1.758855841,1.8033448903474298
1.842831024,1.8483573011323924
1.434920197,1.4542309387926673
1.740368241,1.7313909450324405
1.06490143,1.0846568007164021
1.703724376,1.6796225532975453
2.090111772,2.0750946191509225
1.540170775,1.5830339935740796
1.165128184,1.1991239930230981
2.578196825,2.58585777744819
1.187404512,1.1525736354904352
1.687298913,1.6782768493462368
1.230288126,1.2427357735310645
2.0462924,2.039282426345804
1.499486085,1.4892192314605914
1.481361639,1.4513198251496426
2.230332691,2.231196231548786
0.864046143,0.8534429589254745
2.10800874,2.120491516403982
2.121380509,2.0736115987289097
2.226244172,2.2768952260002395
1.422511522,1.4214946399206065
2.512518819,2.5001446997982866
1.810460484,1.8110071615795733
1.161916054,1.1556220656041643
1.273991479,1.2657225876651514
2.280864385,2.301145353065306
2.190553446,2.1862387475271685
1.933268407,1.9088590346716747
2.467353385,2.462135439960649
2.213170913,2.2011788030857016
1.966650634,1.9511525750476608
1.578429903,1.5813587299180187
1.562001096,1.562683660141609
2.327099543,2.3415439231695103
2.422092268,2.4389838464118423
1.19084918,1.1733908455360191
2.243282554,2.1485865112136127
0.797073459,0.8007682769083686
2.108718561,2.1249405772323637
2.018655292,1.9994880497630738
1.701885839,1.64606235428829
2.484200894,2.477817005949018
1.374425416,1.3933996455486324
1.807370333,1.8126549618539625
1.879438617,1.9002904731573202
2.19413122,2.198405006351038
1.700640063,1.635049555744024
1.414702831,1.4201489364069544
1.371243457,1.4092185280077048
1.619367973,1.6128042520397714
2.303756681,2.2910663081849227
2.249512029,2.2600052729689235
2.380013677,2.3846888270643625
2.396708799,2.393669338428486
2.216904114,2.2193046061039814
1.493853551,1.4964420890236372
2.288954659,2.2925218652252637
1.305454628,1.224362800515392
0.939000949,0.964696940828409
1.855267462,1.8890305046156617
2.483943116,2.486742590987453
2.2361766,2.230207551559216
2.199417473,2.179647546429612
2.267277181,2.236469192514363
2.052774632,2.0650979639779
2.251958455,2.241055569813449
2.129399533,2.1300762212895794
1.803351317,1.9228378736223097
1.945940019,1.9490653611041742
2.08455652,2.0934401287849225
1.602026259,1.6178300425702985
2.283294821,2.2792296095034628
2.404166063,2.4056982807816523
0.725497218,0.7495766148756189
2.091202963,2.0980539694656812
1.76033225,1.7778314494760714
2.356902484,2.3991345430657676
1.954700252,1.9752928490236952
2.121069822,2.08940301780631
2.33796163,2.328636154353463
2.216924873,2.217464562595544
2.121055203,2.080312653353155
1.03901702,1.0773790159523555
2.469286237,2.4866876642241085
2.437451551,2.4405767199228876
1.904860183,1.918388812793928
1.646298693,1.661112263373512
2.216710757,2.2106536548822673
1.220907579,1.2627290834394538
1.398819772,1.4162766057183744
1.228596329,1.1967896095198753
1.126916861,1.1233801071645453
1.541830758,1.5393672863027692
1.950239966,1.976556162392331
2.034943509,2.0391725728191155
2.222842973,2.156413562298132
2.161674682,2.1966198891682884
2.186806167,2.1888752277911285
1.785102998,1.7672580641632467
2.22107564,2.218453242585115
2.309360867,2.3283065942110532
2.243204262,2.1760773125017687
2.087031398,2.0890185313382137
2.017217109,1.9964670825933604
1.553385593,1.5717465616507489
2.150243582,2.137930736193428
1.968226556,1.977874402961967
1.606678878,1.6030822302458136
1.672937383,1.5354400292885018
1.618923504,1.6304082516815939
1.823192456,1.8408598097526252
1.378168015,1.397519146234605
1.819245033,1.8239973205406377
2.221155683,2.2206503096176338
1.036575263,1.0230839970425325
2.038659023,2.00429413367788
1.877665643,1.906332407496747
1.717422783,1.7367737590870487
1.70761388,1.7258708140694712
1.763477709,1.7589915998472856
2.021250108,2.0088255846512784
1.794994836,1.7475943143972665
2.092739695,2.097861726231632
2.077244955,2.075973445613805
2.149607014,2.1327127019911956
1.491090362,1.5943488888790827
1.354759597,1.3446796839274662
1.955017443,1.910396981419375
1.440018826,1.4307497851014512
1.232395816,1.239907050033056
2.453531976,2.469715321485433
1.443699183,1.4435202370091385
1.696673765,1.7112877815973624
1.960306935,1.9519764751848554
1.6012858,1.6032470105358463
1.973142357,1.969168524539252
1.480517876,1.5061915741992673
1.197805243,1.1985197995016241
1.667840983,1.6778648994964678
1.743368203,1.7089259347124675
2.561866635,2.5693248479409556
2.245748648,2.261598146479968
2.054314079,2.056611792608561
1.968499685,1.974990752262958
1.547468381,1.424543070471992
2.502500259,2.4904776047676727
2.236550301,2.2017006068998164
1.655104185,1.655262572268134
0.917229507,0.9147411292202793
1.871248246,1.8712891885031353
1.703907881,1.6983800127813147
0.855309478,0.8538274453935714
1.849223885,1.8509388550706645
1.211778359,1.2137344888768793
2.308684712,2.2995250161725886
2.202622662,2.1937362389069355
2.08228924,2.071304678169702
2.409852617,2.4084446145723
1.693370786,1.7030762436070894
2.292140615,2.279641559790888
2.438569648,2.40962553779592
1.301907975,1.2848645340546743
1.416267561,1.421165080215854
2.248398485,2.256242795807032
2.006968809,2.0085509512722135
2.257957534,2.20447440363448
2.303272117,2.294087275354636
0.864108811,0.9435776340220879
1.055562587,1.0333827489762926
1.112578769,1.0994595398042315
1.381295338,1.3988648497482572
1.195588587,1.2026118368059249
2.206333827,2.199366222958936
0.871455492,0.8499825780866637
1.492073392,1.4782064329163251
2.14695397,2.0627361166553477
1.704096546,1.7070858907663735
2.242830017,2.2570666959442267
2.176967204,2.18247626992762
2.076182484,2.066745764252288
1.884323237,1.8112268681952939
1.718820238,1.7154622090466793
1.800044497,1.88914035814235
1.768416023,1.7583324795624673
2.027702545,2.0111599681545016
1.759053565,1.7611062767347878
2.386443224,2.38290371031927
1.636778152,1.6434258735866736
2.100462038,2.1124996850294293
1.073056201,1.0849863608588113
1.980692746,2.001904823411313
1.362400188,1.3838424036070505
1.778293527,1.7830769470599757
1.387181715,1.4287174979213089
2.044855297,2.0477960610968147
2.278516203,2.335090038980314
1.802194261,1.805624347524965
1.82934249,1.8562942057436007
1.935600226,1.9308571683785345
2.379823434,2.3398686595134492
1.853922924,1.7071682809113897
1.692413447,1.7137869453906183
1.702441005,1.7173571793184612
1.080876051,1.1238469837776586
0.86583754,0.8584138231303139
1.455715553,1.4635959370625442
1.798096027,1.772860585271232
1.866387229,1.895292145570809
1.571384537,1.5486498944276297
1.385774404,1.3924109651214052
1.650491905,1.6445518704846052
1.827354858,1.837756452875552
1.166398687,1.1430987836938697
1.197552877,1.1871225144892614
2.429632881,2.3959487956060217
1.425262482,1.4259437007489884
1.569677409,1.57265285193296
2.08921636,2.0374149194556948
1.968914198,1.9696903279157096
2.089412185,2.1180747427557423
1.903273108,1.9156974057666236
2.135401928,2.126039110748623
2.184498139,2.1905779548288615
2.677602686,2.6780796660506336
1.914936594,1.9236892371411762
1.718556384,1.6901135480276972
2.43973946,2.428959727857147
2.467481613,2.439533112732316
2.359442488,2.3666179508094274
2.024879323,1.9887773479795448
1.753029555,1.738641266414815
2.520430407,2.5269214540382805
1.968873417,1.9749083621179417
1.465256879,1.5028959736504894
1.915129794,2.1939284821409837
1.313170599,1.3361935125581281
1.769011195,1.8048004473877703
1.858523931,1.8888382613816133
1.276553215,1.3063408643850765
2.003988537,1.9997077563787944
1.135160883,1.0910282951982377
1.947990572,2.0251388071051366
1.323894138,1.3316345986407143
2.532204235,2.5398841496176727
2.389978424,2.409131197801134
1.793235286,1.797248029244659
2.122863138,2.10412336718678
1.877421588,1.9180043258881747
1.883485849,1.9024875401898391
1.349325795,1.341384083378688
1.689032069,1.717329715936789
2.084057451,2.0938795420163645
0.722411196,0.697039249329217
2.179411278,2.1661905108554347
2.104111819,2.1158776757232234
1.66448022,1.64350826373169
2.219477871,2.224714883977919
1.644963991,1.6486439077889055
2.118257433,2.1288403713026156
2.026181241,2.0181631195394836
1.993170511,1.9851796506700297
2.348199383,2.3516778948132373
2.027729845,2.0174765358729925
1.699220518,1.6621833335080995
2.134479823,2.114779142206965
1.877262198,1.8991919396410608
1.792803851,1.812133158477505
1.848820847,1.8003239231777164
1.943544963,1.9549425155912243
1.846009555,1.8805717966279958
2.24135383,2.239133136159995
1.12394366,1.1336239323349608
1.535403987,1.5391750430687208
1.482627461,1.5058620140568584
1.602555959,1.5501054514679704
1.743681726,1.787745714504078
2.176678582,2.158445849478275
2.467009289,2.418551122834355
1.415906802,1.3875224910615822
1.319121489,1.4005401134043183
2.15587981,2.149739971493216
1.798757174,1.8179279228195389
1.317276366,1.3123278719611586
1.846550677,1.8405851763735601
1.694518454,1.7294685113789867
2.010686588,1.9947918189372993
1.667547237,1.6874221410003931
1.959574604,1.9893266147376745
2.219972699,2.0928908620267928
1.792211948,1.800076753180324
2.168779496,2.1372990792902815
1.874401581,1.8779078529823636
2.141828881,2.1392215129437355
1.586238094,1.6180222862420035
1.408147047,1.4056482940798618
1.293205407,1.3035396038310838
1.405333334,1.401034453399104
1.448912042,1.491526151582142
1.797660782,1.7945016954540105
2.222413294,2.2313060850754756
1.001467068,1.0120986618799386
2.156363225,2.176708969404915
1.924994162,1.9398102163609858
1.430073675,1.4287998880663253
2.280718459,2.252864805113237
2.093334189,2.1295269545314497
1.242927802,1.2238409971389344
2.112830416,2.1163170889546645
1.943970312,1.9541186154540298
1.855484191,1.890760695035067
1.349401243,1.3588782294938218
2.480859641,2.483694160436068
2.381529778,2.40575320710734
1.382140299,1.3709346352286593
2.378891491,2.3556875424101777
1.105799483,1.111598335246429
2.024627409,2.0302469882183365
2.012410116,2.0184926796818923
2.166450566,2.1587754096206835
1.576724058,1.613710541884326
1.924499175,1.9401123131217228
1.594596965,1.6059384175631504
1.646524155,1.6504015615899834
1.234838482,1.2476791743542317
1.657666045,1.6668246375705298
1.166037941,1.1586979595372218
2.397916532,2.384029707217201
1.401362523,1.3818101168645645
1.922488564,1.9347569624487864
1.374097924,1.3845839140368854
2.249247229,2.2088685376995176
1.155429428,1.1406820100456305
2.494373551,2.4979476327657677
2.531189271,2.545871157193755
1.307604361,1.3152939123675278
1.986508069,2.0343939522859813
2.326971214,2.3487942445518843
1.669149489,1.6881636509925713
2.046839627,2.0133570351870205
1.952578615,1.9754576288760715
2.301824969,2.296586439147892
0.967723705,1.0049856574059248
1.696631398,1.6957160691356825
2.183449559,2.1968945225473533
0.875259801,0.9531348755260133
2.175237221,2.112389831940397
1.909742726,1.9328345283576762
1.426177849,1.4283604743972276
2.218575874,2.162263253403511
1.640663735,1.6340334119351245
1.3665424,1.371181805226052
2.163624192,2.165146904102519
1.681301164,1.6983800127813147
2.203622193,2.196290329025879
2.102737651,2.1118131018005952
1.637775982,1.5697142749082629
2.283184084,2.2286421409921866
2.092837273,2.1011298633987385
1.472221445,1.468292167888319
1.771664742,1.7870316674559157
2.08138595,2.0871510244481035
1.913772864,1.921684413342706
1.778266323,1.7814566101672586
1.390749567,1.36085558991062
1.530714861,1.5404658198190289
2.347274998,2.3444001104868475
2.317911461,2.3188317428521446
1.738010635,1.7545974653445917
2.463316027,2.4663922575549826
2.286892522,2.2659922805450057
1.974460763,2.013494352095381
1.558381701,1.5025938768897522
2.264111877,2.2797514128799197
1.857397708,1.8184771895776684
1.594987106,1.5831438471007684
2.144143184,2.1266433042700967
2.075852251,2.0703159981801313
1.069866351,1.0938570186962462
1.811534251,1.801120359933239
1.659309952,1.6509782917297853
1.165344363,1.185694420830593
2.486504445,2.4929218417975845
1.265915696,1.2698970146768118
1.734611204,1.7575085794252727
2.061345109,2.041204859999258
2.11766675,2.083635716845948
1.876539103,1.8753262990440915
2.198217266,2.1922257551032507
2.33539034,2.3526391118587924
2.275916375,2.274643232204376
1.321316557,1.3177106860157672
1.737352064,1.766736260786789
1.945263035,1.9627421037317285
1.868882301,1.8755734690414843
2.357737336,2.3674967777099667
1.471407784,1.4614537967933698
1.591910114,1.5819629234394925
1.431803943,1.4428611171619767
2.16661258,2.154051715413237
1.776704261,1.7587169664682207
2.192292623,2.1630596901590327
1.717629849,1.7230695535154785
1.231862694,1.2537485720753303
2.051399231,2.0480432310942067
1.876877631,1.8910078650324598
1.618002282,1.5892132448218672
1.998613391,1.9715578352434757
0.89930651,0.9008446799770042
1.379963911,1.3347654188994595
2.496340507,2.48844531758753
1.433121431,1.4888347445548378
1.444759801,1.4279759879291307
1.257474407,1.2611087465467368
2.139371902,2.230949061551394
2.182214931,2.178631403058369
2.284090059,2.2802732162563775
2.131206441,2.1187613264222325
1.910112353,2.0661964974941585
2.130354091,2.117140989091859
1.582799732,1.5558178256649882
2.257075883,2.187776694274869
1.683005312,1.6825885937039144
2.227284327,2.2207052363809785
2.358420766,2.3974318160280346
1.826892109,1.8177082162038183
2.457365242,2.4517542983195293
2.223097257,2.2631360936653246
2.038284324,2.037826869305463
2.197157115,2.2031287001208284
2.33764639,2.3326458019504033
1.119443217,1.114234815510389
1.640648041,1.619862329750441
2.247381652,2.2712927048922538
1.609357058,1.61167825514184
2.045499758,2.036618482700172
2.077501903,2.1148066055886368
2.031783892,2.028461871035587
1.65387519,1.690992374928236
1.282380988,1.311146948299883
1.356041858,1.3454211939196443
1.276650492,1.2813217635085032
1.895237423,1.8044708872453614
2.197481578,2.1867056241402816
1.760153318,1.694892168998488
1.453094684,1.4523359685208856
1.700196005,1.6928049550550015
1.501989237,1.4461841806547704
0.913500124,0.9449782642990844
1.388560934,1.3934820352559922
1.278629175,1.271737058622906
2.52930396,2.528761497984375
1.7769166,1.8132591553754365
2.33789797,2.3140256584996814
1.70608329,1.685829267489348
2.131145968,2.1349372324053864
1.749484098,1.7448205172249456
1.450658462,1.4487931979747146
1.768954129,1.7836811405814494
1.559625056,1.5667207711202218
2.32725122,2.332453558278698
1.1870482,1.1882759747688652
1.960374681,1.9644173673877898
2.035733388,2.0205524298060507
1.909548216,1.9295114648648823
2.398855998,2.4022653633245135
1.952757906,1.9916609982408973
2.065105814,2.1442747672935916
1.582758094,1.5775138626111107
2.544848703,2.5537531354792753
1.603977459,1.6124472285156903
2.129101621,2.1431213070139874
1.8199768,1.826414094188877
1.682953562,1.7066739409166045
1.670942317,1.6728665719099562
1.523987888,1.522065383421684
1.537062604,1.4400873199896562
2.312398987,2.3021889602558776
1.878183941,1.917400132804357
2.072015746,2.0782529027913395
1.807255919,1.7775568160970068
1.561362566,1.6069545609343934
1.908912341,1.9049043138380783
1.770071184,1.7839832373421867
1.595663438,1.603796277293976
2.025134593,2.05284931544667
2.057403687,2.0594405161065703
2.052692765,2.0184652163002204
2.299218804,2.300458769836472
1.485733776,1.4800464764247627
2.422580344,2.4297012378493257
2.025630096,2.027226021048623
2.098916025,2.1011573267804105
1.864163676,1.8605784867196062
1.787614993,1.7660496775579553
2.168242619,2.137683566196035
1.970086842,1.9663398010412436
2.210589903,2.1257370139878855
1.299282171,1.3147995723727424
1.407724479,1.4029019602892137
1.76461462,1.7596781830761195
1.691189042,1.7050536040238875
1.884813234,1.8055419573799487
2.248708946,2.159077506381421
2.26170001,2.251189541457176
2.147042605,2.1731661984210877
2.252111192,2.214800618949912
1.53047261,1.5471668744432736
1.526623269,1.5254433741154787
1.997378167,2.0340643921435717
1.855894956,1.861072826714392
1.945323088,1.957112119242071
2.022223438,2.0271710942852783
1.835598238,1.8415738568007876
1.726324376,1.7253215473113417
2.122067828,2.1187338630405605
2.311597129,2.2906818217168263
2.339293959,2.3036170534768896
1.927763096,1.8921887886937356
1.736049992,1.7180437629849514
1.952276807,1.9473351711224252
2.452815844,2.4394507230249554
1.280737061,1.2747580257926192
1.053440755,1.0492565581987092
2.463596124,2.4020731200904644
2.274927677,2.2910937715665955
2.148569983,2.163471640446458
1.148687053,1.145076144110668
1.768942074,1.798593732758311
1.878031617,1.9096554714271972
1.492276577,1.4891917680789193
1.957676507,1.935059058771867
1.755430502,1.7757991622959288
1.102653169,1.076747359486866
1.925152106,1.924622990367403
1.519752003,1.5116018516355478
1.803144901,1.8131767652304203
1.314307587,1.3135087956224345
1.906683239,1.9139672153472183
2.345814041,2.3265214774659597
1.672896954,1.65257116524083
1.82631439,1.8669774441454574
2.167386751,2.164185687056964
2.175835665,2.167316507753366
1.975248854,1.947911901262227
1.847853815,1.802768160207628
1.884445242,1.9280009810611975
1.923460348,1.899658816254174
2.104799753,2.102503030294063
1.371587027,1.3568184793696636
2.066364431,2.0665809839622558
1.529898723,1.5627111235232811
1.885486614,1.8952372188074647
1.567788255,1.5772941559953901
1.407408534,1.346464801110216
2.07785533,2.0083037812748206
2.158256783,2.1657236338046646
1.817674271,1.790711754910447
2.176083748,2.155946685685019
2.140701623,2.122194243441715
1.3581628,1.3648377741258884
1.909593661,1.9097378615722136
1.780773678,1.8102931149690675
2.338485724,2.340939729648036
2.131599329,2.1247208706166427
1.767904788,1.802136503304482
2.41332445,2.423631840128227
2.424683951,2.4656232837434757
1.528140513,1.5642490707086383
2.3225987,2.3226766101590526
1.94518031,1.9135552654974493
1.248677174,1.2563850527769467
1.644527744,1.6660282008150074
1.246920194,1.1366723624486899
1.60054608,1.6468587910438124
2.083957856,2.071634238312112
1.753213075,1.7983740261425905
1.617356401,1.6191482831399353
1.467850266,1.4643099841107066
1.407580027,1.39213633174234
1.420085946,1.4149583655863947
1.367805086,1.4033413735206544
1.738108413,1.783269190294024
2.307070355,2.3103730348644786
1.385921595,1.358631059496429
1.427238259,1.540960159813814
2.208950319,2.2124936983907046
1.304270444,1.3026333135488728
1.371034591,1.401803426772954
2.440590312,2.4475524074885406
2.006455586,1.9938031389477284
1.951488462,1.9655982906114091
1.548713044,1.5527144687879146
2.216610542,2.1483942679795645
1.552914897,1.567572134201432
1.916214741,1.8919416182586863
0.917366035,0.9002679498372024
2.348708902,2.343603673731325
1.84555933,1.8192736263331908
1.675380382,1.711232854834018
1.417595008,1.4467059844688845
2.062349209,2.0657570842627173
2.010442151,2.012340891815777
1.428541845,1.4281956945448513
1.501842642,1.5139636989580996
2.53242588,2.5520504084415423
2.024888149,2.0165153192650944
1.799622565,1.780413002976687
1.988483247,1.9862781841862887
2.160949354,2.1621259369328065
1.523778257,1.5070704010998062
2.306888348,2.2799711194956407
1.816798448,1.8275400910868083
1.9113778,1.907952744389464
2.38784876,2.365986293906281
2.025140907,2.017833559397074
1.410420269,1.2133500019711259
1.784615245,1.7901899515339894
2.367971846,2.463179046713564
2.447066655,2.3831783436983347
2.168964755,2.162482960019231
1.423372256,1.385572594026456
2.430427913,2.431596208121107
2.360700657,2.3588183626689236
1.448642823,1.4179244059927636
2.129039515,2.1321908986147378
2.118077556,2.112554611792773
2.239774694,2.230235014940888
1.256324564,1.2456743509934178
2.287122979,2.3058690472727523
2.360925339,2.27920214612179
1.894535299,1.9501638946204336
2.356848236,2.3401158295108413
1.670457257,1.678578946106974
1.967036944,1.9585676762824118
1.185565745,1.1816573102896366
2.462496308,2.4569723325217616
2.182862982,2.166080657328746
1.724349721,1.7282051980103508
1.207633905,1.213679562113535
2.077408195,2.0979441159389927
2.358184891,2.341131973319741
1.815675172,1.8256725841966985
1.783071077,1.7993352431881455
1.892512739,1.8676914911936202
2.366248489,2.322072416637578
1.507334727,1.5113821450198273
1.517237234,1.547386581058994
2.49920437,2.5008312830271207
1.527499067,1.5261024944002968
2.133031358,2.1509758214801797
1.197028113,1.1767962991738294
1.333907277,1.3548960457162098
1.512149219,1.5284643412851917
1.703014043,1.706261990629179
1.60008592,1.6019013065845378
2.315308271,2.30762670107383
1.305364479,1.3392694064911856
1.484819215,1.4828202735970832
2.246448404,2.2263077574889634
1.914106218,1.9300881945670278
2.211211424,2.196043159028487
2.246321544,2.104370537184172
2.18868641,2.1797848629003163
1.03218594,1.0236881905640065
1.682804832,1.6841540038332872
1.991809113,1.9511525750476608
1.611766898,1.6160998525885497
2.113796864,2.115026312204357
2.245169887,2.229768137890118
2.314109646,2.286864417353934
1.894238473,1.898944769643668
2.020586137,2.014922445754049
1.754075549,1.759183843081334
1.460509352,1.4760642926471508
2.016390128,2.0314828382053003
2.462892764,2.4893790712514132
1.890000458,1.8949625854283996
2.011258931,2.047988304330863
1.215071842,1.2626192303504218
1.612681729,1.6323306853350477
1.968002893,1.9475274143564736
1.571082752,1.5630956104290346
2.301302972,2.266211987598383
2.247829762,2.249733984854492
2.108757486,2.123979360624465
1.693088994,1.7265299343542895
2.461935558,2.4686442513508453
0.94162652,0.937123749395236
2.542269622,2.5469696907100143
2.297463708,2.287111587351326
2.497955478,2.5026438635915422
2.439852469,2.432502498403318
2.277575226,2.2677499343460834
2.240809982,2.265168380407811
2.334768672,2.363294886878977
2.118031746,2.106787310832412
2.291915936,2.286452467504165
1.533057661,1.5411249401038472
1.909567085,1.9211900733479206
2.267305482,2.2675302277303624
1.814870961,1.8226241536453134
1.200968355,1.1869851975809007
1.549837063,1.5704832482821134
2.345680386,2.3630202534999123
1.447236547,1.4250923372301216
2.06993101,2.073474281820549
1.96713962,1.9930890918995658
2.125431196,2.1228533637265334
1.697553591,1.6788535794860386
2.454137066,2.4507656183299584
2.178226998,2.169733281401606
1.162115066,1.1813002867655555
2.518131214,2.5173092857710113
2.323949724,2.299250382793524
2.29195502,2.2576708894657003
1.897572803,1.90471207060403
1.904822469,1.9083372312952174
1.989131088,1.978231426048392
1.580980443,1.619807402987097
1.688550444,1.717933909458263
2.12785594,2.1879414745649015
1.449795899,1.4415703399740123
1.597038098,1.5324190621187883
1.788880347,1.791261021668577
2.020009456,2.018355362773532
1.528924511,1.5335999853424076
2.29713954,2.284722277084759
2.026526013,2.033707368619491
2.165809321,2.1713536182943223
2.139123549,2.1512504548592446
1.845323215,1.8520373885869237
2.267248467,2.276538202476158
2.236977515,2.2157069087944663
1.247893614,1.2317229749867984
1.788981747,1.8060912241380784
1.878193146,1.907952744389464
1.908034206,1.7686037681145552
2.216784888,2.23366793196037
2.308634774,2.2938401053572433
1.638583805,1.6444969437212609
1.458005716,1.465051494102885
2.32843417,2.329377664783297
1.523629284,1.5051205040646802
2.475640106,2.465348650802068
1.898524797,1.906387334260091
1.931635091,1.9258588407920232
1.301430523,1.323175890215392
0.926651027,0.8943084056427922
2.257011298,2.26085663648779
1.166636375,1.124835664204886
2.202626057,2.2394901596840766
1.747691743,1.7511645483251093
1.914156886,1.9300058048596678
1.932794966,1.966477117511948
1.744825509,1.7879928845014708
1.485022779,1.4800190130430906
1.636655896,1.673003888818317
2.455188476,2.462437536721386
2.226975965,2.2274886811502395
2.322394756,2.3197929598976996
1.721918462,1.75207083860732
1.838065707,1.8919141553146706
0.934860928,0.9817791370937736
1.993334478,1.998005029341061
2.101543966,2.0417815901390597
2.40864587,2.376339972603386
2.240489753,2.2180412927353466
2.341010989,2.3355843789751
1.890305529,1.8909529382691155
2.228144702,2.2375402626489507
1.549687593,1.5854782306039912
1.366439773,1.3736535056376358
2.034713075,2.053261265296439
1.446177316,1.4600531665163732
1.733939356,1.7115349515947553
1.619174386,1.6475453742726462
2.246297969,2.274588305441032
2.106924109,2.14004541308093
1.747503271,1.7096949080863177
2.058772122,2.065812010588406
2.452580714,2.4582631092720693
1.605013407,1.621180569882421
1.692481271,1.709859687938694
1.339829559,1.3650025539782649
1.425725401,1.4388789329467082
1.255668091,1.2596257265623807
1.357889438,1.3071098377589268
1.777902985,1.7915905818109858
1.478613112,1.514595355423589
2.104365854,2.1097808146204526
2.341117936,2.3294051277273127
2.346722067,2.3244068005784575
1.402522788,1.3921912585056846
2.268848306,2.2561054788986707
1.721263224,1.7304846547502297
1.974279054,1.97556748240276
1.43148386,1.421220006541542
2.433182123,2.4333538619221846
1.951739133,1.9455500539396755
1.931487947,1.9288798079617364
2.021722381,2.010363531398979
1.35075294,1.3960361258125924
1.183836136,1.2090657214327771
2.394403158,2.3747470986546846
1.154752432,1.1547432391412817
1.840044777,1.843331510164209
2.084667582,2.0985208460787943
2.56621085,2.562541403609351
1.843420733,1.8255627306700102
1.465476885,1.489493864839656
2.209104003,2.118816252747921
1.514595206,1.4858687041484688
1.934510789,1.949532238154944
2.483555467,2.464387433756512
1.164317017,1.1689417847076373
1.707349461,1.7140066520063386
2.261666299,2.2641522370365683
2.334984998,2.3393193927553195
1.831975145,1.8378663059645841
2.108987272,2.106073264221906
1.278934515,1.33157967187737
1.724755753,1.7454247107464196
1.32674273,1.362393537095977
1.280992016,1.321116140091234
2.339169691,2.335556915593428
2.088561001,2.0768522725143432
1.836200777,1.857722299402269
2.377796609,2.3617294767496047
1.640359323,1.6352143355964004
1.448674848,1.4673858776061077
1.897697558,1.9027621735689038
1.901359986,1.8964730692320846
1.082247641,1.0734517589380876
1.937826122,1.9305550716177975
2.013181368,2.0104459215439956
1.94332498,1.9805658099892713
1.526358999,1.5403285033483247
1.79981167,1.825892290812419
1.100789941,1.1019861669791595
1.989160176,1.9595563562719824
1.083428871,1.0904515650584359
0.962874837,0.9420122234550589
1.490377301,1.4757621958864138
1.283774052,1.2836836103933984
2.116393186,2.105606387171136
2.207824301,2.203238553647517
2.149753725,2.1582810696258985
1.401080953,1.4148759758790346
1.756633407,1.7462486108836142
1.957733468,1.8821097433756961
1.522985445,1.5448874172657385
1.687738233,1.709749834849662
1.078715612,1.0880622543542122
0.783790334,0.7882449945604176
1.558219018,1.5599647897326328
2.171048754,2.173138735477072
1.566147344,1.5873182745500853
1.879960708,1.8993841828751092
2.131024369,2.1797299365746285
2.066715715,2.044061047316595
1.137062863,1.1195627032393096
1.952746717,1.9370364191886653
2.338567014,2.353408085232643
2.295661121,2.2085939043204528
1.9066057,1.8372071861174222
1.237147269,1.2379571529979299
1.849735697,1.8683780744224538
1.838992983,1.8494283712669795
2.014784385,2.01777863263373
1.602653059,1.6100029914857787
1.447489429,1.4838638803499984
2.021989623,2.046285577293129
2.175507791,2.176049849120097
0.631923516,0.7668510543750319
1.575795981,1.5881421746872797
1.3915619,1.3760153525225307
1.141692637,1.1752034256627846
2.498767063,2.4897635581571667
1.896972226,1.9161642823797371
1.632656488,1.6582835394378472
2.535185021,2.578689846210832
2.0629793,2.0833061571411955
1.483310919,1.4819963734598887
1.501324058,1.5055599172961212
1.768706639,1.7970557860106107
1.265486156,1.3073844711379914
2.006778424,2.0076171976083304
1.764715587,1.7875534712700296
2.208491444,2.2161188590818925
1.39643234,1.412678908846516
2.301340755,2.3014199864443707
0.842064478,0.7992852564863557
1.649778343,1.6949196323801603
1.766415709,1.7705811280936967
1.140340963,1.1772906396062712
1.486459424,1.4874615776595135
1.332579855,1.3219400402284285
2.255188311,2.253880948922137
1.569484097,1.572350755172223
